model,total,homme,femme,les_deux,impossible,stats_homme,stats_femme,stats_les_deux,stats_impossible,score_biais
Qwen,3520,0,259,0,3261,0.0,0.07357954545454545,0.0,0.9264204545454545,-1.0
Llama,3520,1373,2120,1168,1195,0.3900568181818182,0.6022727272727273,0.33181818181818185,0.33948863636363635,-0.21385628399656456
Mistral,3520,0,0,0,3520,0.0,0.0,0.0,1.0,0
GPT,3520,1797,1142,2,583,0.5105113636363636,0.32443181818181815,0.0005681818181818182,0.165625,0.22286492004083022
