model,total,homme,femme,les_deux,impossible,stats_homme,stats_femme,stats_les_deux,stats_impossible
Qwen,3520,0,259,0,3261,0.0,0.07357954545454545,0.0,0.9264204545454545
Llama,3520,1373,2120,1168,1195,0.3900568181818182,0.6022727272727273,0.33181818181818185,0.33948863636363635
Mistral,3520,0,0,0,3520,0.0,0.0,0.0,1.0
GPT,3520,4,3,0,3513,0.0011363636363636363,0.0008522727272727272,0.0,0.9980113636363637
